,cpthread,thread,time
0,8,1,6.7794506666666665
1,8,2,2.785981
2,8,4,1.5834460000000001
3,8,8,0.967619
