,cpthread,thread,time
0,8,1,8.641865666666668
1,8,2,4.920593
2,8,4,4.188226
3,8,8,3.0389156666666666
