,cpthread,thread,time
0,8,1,4.146682666666667
1,8,2,1.5525966666666668
2,8,4,0.8295483333333333
3,8,8,0.44589933333333337
