,cpthread,thread,time
0,8,1,2.812552333333334
1,8,2,1.4806256666666666
2,8,4,0.7829003333333334
3,8,8,0.40673899999999996
