,cpthread,thread,time
0,8,1,6.015127666666667
1,8,2,2.906488
2,8,4,1.815219
3,8,8,1.1535696666666668
