,cpthread,thread,time
0,8,1,6.844976
1,8,2,3.8277206666666665
2,8,4,3.20687
3,8,8,2.493147
