,cpthread,thread,time
0,8,1,3.7505306666666667
1,8,2,1.4409390000000002
2,8,4,0.7696526666666667
3,8,8,0.42378466666666664
