,cpthread,thread,time
0,8,1,2.6150520000000004
1,8,2,1.432676
2,8,4,0.7508703333333333
3,8,8,0.39787799999999995
