,cpthread,thread,time
0,8,1,7.143393
1,8,2,2.941664333333333
2,8,4,1.6546650000000003
3,8,8,0.9719933333333334
