,cpthread,thread,time
0,8,1,9.161672666666666
1,8,2,5.0135526666666665
2,8,4,4.263589666666667
3,8,8,3.0533756666666663
