,cpthread,thread,time
0,8,1,4.567106333333333
1,8,2,1.6837716666666669
2,8,4,0.886969
3,8,8,0.47529666666666665
