,cpthread,thread,time
0,8,1,3.059055666666666
1,8,2,1.6313246666666668
2,8,4,0.8435513333333334
3,8,8,0.44303933333333334
