,cpthread,thread,time
0,8,1,7.187392
1,8,2,3.3323323333333335
2,8,4,2.0565196666666665
3,8,8,1.321688
