,cpthread,thread,time
0,8,1,9.041474
1,8,2,5.2366340000000005
2,8,4,4.389617
3,8,8,3.3785173333333334
