,cpthread,thread,time
0,8,1,4.555524000000001
1,8,2,1.7063316666666666
2,8,4,0.9010410000000001
3,8,8,0.488338
