,cpthread,thread,time
0,8,1,3.1085016666666667
1,8,2,1.6370383333333336
2,8,4,0.8509896666666666
3,8,8,0.44785633333333336
