,cpthread,thread,time
0,8,1,7.042686
1,8,2,3.3258609999999997
2,8,4,2.1443499999999998
3,8,8,1.5717206666666665
