,cpthread,thread,time
0,8,1,9.695464666666666
1,8,2,5.548497666666666
2,8,4,4.726699
3,8,8,3.838089333333333
