,cpthread,thread,time
0,8,1,4.540196333333333
1,8,2,1.7155576666666665
2,8,4,0.9337433333333335
3,8,8,0.535644
