,cpthread,thread,time
0,8,1,3.0921683333333334
1,8,2,1.653911
2,8,4,0.8733223333333333
3,8,8,0.46464066666666665
