,cpthread,thread,time
0,8,1,4.264357333333334
1,8,2,2.617442666666667
2,8,4,1.6217806666666668
3,8,8,0.9267406666666668
