,cpthread,thread,time
0,8,1,6.168828333333334
1,8,2,4.511784333333333
2,8,4,3.8837523333333337
3,8,8,3.023708333333333
