,cpthread,thread,time
0,8,1,3.092269
1,8,2,1.6655166666666663
2,8,4,0.8866383333333333
3,8,8,0.4857606666666667
