,cpthread,thread,time
0,8,1,2.9636530000000003
1,8,2,1.5891983333333333
2,8,4,0.8336183333333334
3,8,8,0.432183
