,cpthread,thread,time
0,8,1,4.788315333333333
1,8,2,2.677026
2,8,4,1.514893
3,8,8,0.9016973333333334
