,cpthread,thread,time
0,8,1,7.094152333333334
1,8,2,4.897557
2,8,4,4.092306333333333
3,8,8,2.996601
