,cpthread,thread,time
0,8,1,3.7115596666666666
1,8,2,2.007408333333333
2,8,4,1.099762
3,8,8,0.6210056666666667
