,cpthread,thread,time
0,8,1,3.6070499999999996
1,8,2,1.9514536666666669
2,8,4,1.0584813333333334
3,8,8,0.5834876666666666
