,cpthread,thread,time
0,8,1,7.506620000000001
1,8,2,4.524529
2,8,4,2.5290016666666664
3,8,8,2.2814229999999998
