,cpthread,thread,time
0,8,1,14.483402333333332
1,8,2,8.414972333333333
2,8,4,7.364108333333333
3,8,8,5.594885333333333
