,cpthread,thread,time
0,8,1,6.638256666666667
1,8,2,2.467424
2,8,4,1.3770903333333333
3,8,8,0.7614136666666668
