,cpthread,thread,time
0,8,1,4.342009333333333
1,8,2,2.3799303333333337
2,8,4,1.2959559999999999
3,8,8,0.6868826666666666
