,cpthread,thread,time
0,8,1,9.120477333333334
1,8,2,3.7787903333333333
2,8,4,2.0031413333333337
3,8,8,1.077572
