,cpthread,thread,time
0,8,1,11.682359666666665
1,8,2,5.604098333333333
2,8,4,4.300003666666666
3,8,8,3.088082333333333
