,cpthread,thread,time
0,8,1,4.934251000000001
1,8,2,1.955344666666667
2,8,4,0.9637413333333334
3,8,8,0.512194
