,cpthread,thread,time
0,8,1,3.354917
1,8,2,1.7683196666666667
2,8,4,0.9078306666666668
3,8,8,0.47117233333333336
