,cpthread,thread,time
0,8,1,6.821124666666666
1,8,2,3.0848123333333333
2,8,4,1.8732550000000001
3,8,8,1.224616
