,cpthread,thread,time
0,8,1,9.051763000000001
1,8,2,5.068815333333333
2,8,4,4.185922000000001
3,8,8,3.219015666666667
