,cpthread,thread,time
0,8,1,4.584512666666666
1,8,2,1.700812
2,8,4,0.9046183333333332
3,8,8,0.491632
