,cpthread,thread,time
0,8,1,3.0898730000000003
1,8,2,1.6367459999999998
2,8,4,0.8316466666666668
3,8,8,0.43604966666666667
