,cpthread,thread,time
0,8,1,7.280396666666667
1,8,2,5.932388333333333
2,8,4,2.983428333333334
3,8,8,1.5506086666666665
