,cpthread,thread,time
0,8,1,15.535704666666668
1,8,2,9.876627333333333
2,8,4,8.173432333333333
3,8,8,6.242139000000001
