,cpthread,thread,time
0,8,1,6.751275333333333
1,8,2,3.2155003333333334
2,8,4,1.4780313333333333
3,8,8,0.811899
