,cpthread,thread,time
0,8,1,4.337058333333333
1,8,2,2.3920573333333333
2,8,4,1.2941186666666666
3,8,8,0.7031390000000001
