,cpthread,thread,time
0,8,1,3.542602
1,8,2,1.971281
2,8,4,1.1339996666666667
3,8,8,0.6516066666666668
