,cpthread,thread,time
0,8,1,4.8422236666666665
1,8,2,3.8202736666666666
2,8,4,3.074168333333333
3,8,8,2.298802
