,cpthread,thread,time
0,8,1,2.210405666666667
1,8,2,1.2055353333333334
2,8,4,0.6988133333333333
3,8,8,0.3916113333333333
