,cpthread,thread,time
0,8,1,2.0816416666666666
1,8,2,1.1452896666666665
2,8,4,0.6528456666666668
3,8,8,0.3568523333333333
