,cpthread,thread,time
0,8,1,5.786182666666666
1,8,2,2.399332
2,8,4,1.421935333333333
3,8,8,1.1993803333333333
