,cpthread,thread,time
0,8,1,8.530153
1,8,2,4.710439666666667
2,8,4,4.190187333333333
3,8,8,3.270637333333333
