,cpthread,thread,time
0,8,1,4.164805666666667
1,8,2,1.5885693333333333
2,8,4,0.86531
3,8,8,0.4866
