,cpthread,thread,time
0,8,1,2.846206666666667
1,8,2,1.495279
2,8,4,0.8044623333333333
3,8,8,0.42644366666666667
