,cpthread,thread,time
0,8,1,9.244099333333333
1,8,2,3.887458666666666
2,8,4,2.127759
3,8,8,1.185021
