,cpthread,thread,time
0,8,1,11.841960333333333
1,8,2,5.771428666666666
2,8,4,4.508817333333333
3,8,8,3.242695
