,cpthread,thread,time
0,8,1,4.949009666666666
1,8,2,1.855264
2,8,4,0.9655463333333333
3,8,8,0.5078916666666667
