,cpthread,thread,time
0,8,1,3.3562510000000003
1,8,2,1.7661170000000002
2,8,4,0.9054606666666666
3,8,8,0.47099266666666667
