,cpthread,thread,time
0,8,1,6.465105333333334
1,8,2,2.7536273333333328
2,8,4,1.6582943333333333
3,8,8,1.150976
