,cpthread,thread,time
0,8,1,9.145628666666667
1,8,2,5.1998603333333335
2,8,4,4.456972666666666
3,8,8,3.4058196666666665
