,cpthread,thread,time
0,8,1,4.211572666666666
1,8,2,1.598518
2,8,4,0.872395
3,8,8,0.4845023333333333
