,cpthread,thread,time
0,8,1,2.819923333333333
1,8,2,1.4983143333333333
2,8,4,0.8046976666666668
3,8,8,0.425355
