,cpthread,thread,time
0,8,1,4.453944666666666
1,8,2,2.550104333333333
2,8,4,1.45817
3,8,8,0.8935969999999999
