,cpthread,thread,time
0,8,1,6.090817666666666
1,8,2,4.544092666666667
2,8,4,3.405243
3,8,8,2.6168359999999997
