,cpthread,thread,time
0,8,1,3.0944203333333333
1,8,2,1.705029
2,8,4,0.967962
3,8,8,0.564221
