,cpthread,thread,time
0,8,1,2.998549333333333
1,8,2,1.6595503333333335
2,8,4,0.9249743333333335
3,8,8,0.5261806666666667
