,cpthread,thread,time
0,1,1,5.0028310000000005
1,1,2,3.2429349999999997
2,1,4,2.2053663333333335
3,1,8,1.6208163333333332
