,cpthread,thread,time
0,1,1,7.080488
1,1,2,6.06699
2,1,4,5.529268333333334
3,1,8,4.400839
