,cpthread,thread,time
0,1,1,2.258855
1,1,2,1.281351
2,1,4,0.730663
3,1,8,0.4010636666666667
