,cpthread,thread,time
0,1,1,2.0863840000000002
1,1,2,1.1697426666666668
2,1,4,0.6599659999999999
3,1,8,0.36443699999999996
