,cpthread,thread,time
0,8,1,6.637435
1,8,2,3.3017179999999997
2,8,4,1.9966563333333334
3,8,8,1.4526553333333334
