,cpthread,thread,time
0,8,1,8.921109333333334
1,8,2,5.7014629999999995
2,8,4,4.570337333333334
3,8,8,3.4916020000000003
