,cpthread,thread,time
0,8,1,3.3701100000000004
1,8,2,1.5812906666666666
2,8,4,0.7385163333333334
3,8,8,0.404228
