,cpthread,thread,time
0,8,1,2.0695289999999997
1,8,2,1.1250533333333335
2,8,4,0.6532439999999999
3,8,8,0.34737033333333334
