,cpthread,thread,time
0,8,1,5.3949636666666665
1,8,2,3.3105173333333333
2,8,4,2.1261633333333334
3,8,8,1.8519473333333334
