,cpthread,thread,time
0,8,1,7.110931333333333
1,8,2,5.058774333333333
2,8,4,4.340377333333333
3,8,8,4.069199666666667
