,cpthread,thread,time
0,8,1,3.2478156666666664
1,8,2,1.8904420000000002
2,8,4,1.0634346666666665
3,8,8,0.6051723333333333
