,cpthread,thread,time
0,8,1,3.0466616666666666
1,8,2,1.6058613333333334
2,8,4,0.8231066666666668
3,8,8,0.4175786666666667
