,cpthread,thread,time
0,8,1,6.7915323333333335
1,8,2,2.7878333333333334
2,8,4,1.5781063333333332
3,8,8,0.9504166666666666
