,cpthread,thread,time
0,8,1,8.65065
1,8,2,4.943919
2,8,4,4.186574666666666
3,8,8,3.0310186666666667
