,cpthread,thread,time
0,8,1,4.153396333333333
1,8,2,1.5472489999999999
2,8,4,0.8358083333333334
3,8,8,0.4480293333333334
