,cpthread,thread,time
0,8,1,2.826662666666667
1,8,2,1.462229
2,8,4,0.7949799999999999
3,8,8,0.40725066666666665
