,cpthread,thread,time
0,8,1,13.179479333333333
1,8,2,7.630078
2,8,4,5.289818
3,8,8,3.9259723333333336
