,cpthread,thread,time
0,8,1,30.872379
1,8,2,16.64994066666667
2,8,4,11.126895666666664
3,8,8,8.390371666666667
