,cpthread,thread,time
0,8,1,4.981651
1,8,2,2.4560886666666666
2,8,4,1.312869
3,8,8,0.5472416666666666
