,cpthread,thread,time
0,8,1,2.395933
1,8,2,1.3312410000000001
2,8,4,0.7456173333333332
3,8,8,0.4040836666666667
