,cpthread,thread,time
0,8,1,5.130035
1,8,2,2.8316346666666665
2,8,4,1.5801283333333334
3,8,8,0.9358206666666667
