,cpthread,thread,time
0,8,1,7.353906666666667
1,8,2,4.992143333333334
2,8,4,4.1332683333333335
3,8,8,3.0163656666666667
