,cpthread,thread,time
0,8,1,3.953739
1,8,2,2.1207243333333334
2,8,4,1.1507436666666668
3,8,8,0.6481013333333334
