,cpthread,thread,time
0,8,1,3.8398416666666666
1,8,2,2.082532666666667
2,8,4,1.1075800000000002
3,8,8,0.6160546666666668
