,cpthread,thread,time
0,1,1,5.088512333333334
1,1,2,2.8568916666666664
2,1,4,1.8469223333333333
3,1,8,2.1941450000000002
