,cpthread,thread,time
0,1,1,6.678536666666666
1,1,2,4.812314333333333
2,1,4,4.2982993333333335
3,1,8,4.516909999999999
