,cpthread,thread,time
0,1,1,3.0270186666666667
1,1,2,1.7656340000000001
2,1,4,1.0167966666666668
3,1,8,0.585071
