,cpthread,thread,time
0,1,1,2.8170203333333332
1,1,2,1.459683
2,1,4,0.7584013333333334
3,1,8,0.3778083333333333
