,cpthread,thread,time
0,1,1,5.447931333333333
1,1,2,3.4091043333333335
2,1,4,2.207644333333333
3,1,8,2.117860666666667
