,cpthread,thread,time
0,1,1,7.064518666666667
1,1,2,5.062081
2,1,4,4.372893666666666
3,1,8,4.521485333333334
