,cpthread,thread,time
0,1,1,3.252038666666666
1,1,2,1.9019733333333333
2,1,4,1.0807506666666666
3,1,8,0.6360613333333334
