,cpthread,thread,time
0,1,1,3.065690333333334
1,1,2,1.6220546666666669
2,1,4,0.8248466666666667
3,1,8,0.4165636666666667
