,cpthread,thread,time
0,8,1,6.694618666666667
1,8,2,3.271354666666667
2,8,4,1.902888
3,8,8,1.3788670000000003
