,cpthread,thread,time
0,8,1,8.866512
1,8,2,5.683226666666667
2,8,4,4.478901333333334
3,8,8,3.4969723333333333
