,cpthread,thread,time
0,8,1,3.5193513333333333
1,8,2,1.5653623333333335
2,8,4,0.73792
3,8,8,0.3853396666666667
