,cpthread,thread,time
0,8,1,2.0937723333333333
1,8,2,1.1547913333333335
2,8,4,0.644253
3,8,8,0.34333400000000003
