,cpthread,thread,time
0,8,1,7.170826333333333
1,8,2,2.941483
2,8,4,1.6474563333333334
3,8,8,0.9682606666666667
