,cpthread,thread,time
0,8,1,9.125708666666666
1,8,2,5.0170140000000005
2,8,4,4.2654646666666665
3,8,8,3.0992566666666668
