,cpthread,thread,time
0,8,1,4.538118999999999
1,8,2,1.779852
2,8,4,0.8863543333333334
3,8,8,0.47492466666666666
