,cpthread,thread,time
0,8,1,3.0492216666666665
1,8,2,1.6309826666666665
2,8,4,0.8478053333333334
3,8,8,0.44322533333333336
