,cpthread,thread,time
0,8,1,5.867139666666667
1,8,2,2.4071503333333335
2,8,4,1.4604423333333332
3,8,8,1.134259
