,cpthread,thread,time
0,8,1,8.618121666666667
1,8,2,4.776485666666666
2,8,4,4.216704666666667
3,8,8,3.321702666666667
