,cpthread,thread,time
0,8,1,4.178789
1,8,2,1.672305
2,8,4,0.8667366666666666
3,8,8,0.48584066666666664
