,cpthread,thread,time
0,8,1,2.8182806666666664
1,8,2,1.505844
2,8,4,0.801939
3,8,8,0.42400733333333335
