,cpthread,thread,time
0,8,1,5.250217333333333
1,8,2,2.745818
2,8,4,1.5174033333333332
3,8,8,1.0243003333333334
