,cpthread,thread,time
0,8,1,7.585271
1,8,2,4.853111666666667
2,8,4,4.040568666666666
3,8,8,3.1279163333333333
