,cpthread,thread,time
0,8,1,3.3512066666666662
1,8,2,1.618483333333333
2,8,4,0.7470796666666667
3,8,8,0.4310323333333333
