,cpthread,thread,time
0,8,1,2.195806
1,8,2,1.227384
2,8,4,0.6824196666666666
3,8,8,0.37787466666666664
