,cpthread,thread,time
0,8,1,9.227139333333332
1,8,2,3.9138406666666667
2,8,4,2.1435383333333333
3,8,8,1.1486743333333334
