,cpthread,thread,time
0,8,1,11.777313000000001
1,8,2,5.756828333333334
2,8,4,4.5020576666666665
3,8,8,3.233435666666667
