,cpthread,thread,time
0,8,1,4.896849666666667
1,8,2,1.938489
2,8,4,0.9625663333333333
3,8,8,0.513655
