,cpthread,thread,time
0,8,1,3.348513666666667
1,8,2,1.7722930000000001
2,8,4,0.9070356666666667
3,8,8,0.4724266666666666
