,cpthread,thread,time
0,8,1,6.4639066666666665
1,8,2,3.545576333333333
2,8,4,2.0273790000000003
3,8,8,1.3435236666666668
