,cpthread,thread,time
0,8,1,8.395604
1,8,2,5.234679000000001
2,8,4,4.194995666666666
3,8,8,3.1639093333333332
