,cpthread,thread,time
0,8,1,3.1600099999999998
1,8,2,1.6908823333333334
2,8,4,0.8957353333333332
3,8,8,0.491434
