,cpthread,thread,time
0,8,1,2.9611400000000003
1,8,2,1.5787203333333333
2,8,4,0.8287086666666666
3,8,8,0.43158066666666667
