,cpthread,thread,time
0,8,1,6.139299666666667
1,8,2,3.1449
2,8,4,1.8374949999999999
3,8,8,1.289763
