,cpthread,thread,time
0,8,1,8.810005666666667
1,8,2,5.506927666666667
2,8,4,4.513887666666666
3,8,8,3.3438483333333333
