,cpthread,thread,time
0,8,1,3.405075666666667
1,8,2,1.627303333333333
2,8,4,0.7686419999999999
3,8,8,0.408371
