,cpthread,thread,time
0,8,1,2.0713446666666666
1,8,2,1.1642013333333334
2,8,4,0.6751053333333333
3,8,8,0.3640493333333333
