,cpthread,thread,time
0,8,1,6.484656333333334
1,8,2,3.8892466666666667
2,8,4,2.671354666666667
3,8,8,2.716808
