,cpthread,thread,time
0,8,1,7.9509240000000005
1,8,2,15.420882666666666
2,8,4,12.75146
3,8,8,7.7519263333333335
