,cpthread,thread,time
0,8,1,3.5818580000000004
1,8,2,2.101531666666667
2,8,4,1.251472
3,8,8,0.782671
