,cpthread,thread,time
0,8,1,3.3876639999999996
1,8,2,1.7433613333333333
2,8,4,0.888779
3,8,8,0.44766666666666666
