,cpthread,thread,time
0,8,1,7.160084666666667
1,8,2,3.3142286666666667
2,8,4,2.116745666666667
3,8,8,1.3176993333333333
