,cpthread,thread,time
0,8,1,9.096362333333333
1,8,2,5.214815000000001
2,8,4,4.395313333333333
3,8,8,3.3692496666666667
