,cpthread,thread,time
0,8,1,4.568404999999999
1,8,2,1.8013393333333336
2,8,4,0.9031446666666666
3,8,8,0.48727500000000007
