,cpthread,thread,time
0,8,1,3.0927943333333334
1,8,2,1.632314
2,8,4,0.848974
3,8,8,0.44579799999999997
