,cpthread,thread,time
0,8,1,5.225708666666667
1,8,2,4.654889
2,8,4,2.924635
3,8,8,2.9586703333333335
