,cpthread,thread,time
0,8,1,10.548608999999999
1,8,2,7.647337
2,8,4,7.308458666666667
3,8,8,7.645384333333333
