,cpthread,thread,time
0,8,1,4.579172
1,8,2,2.7288259999999998
2,8,4,1.707433
3,8,8,1.0576453333333333
