,cpthread,thread,time
0,8,1,4.354366333333333
1,8,2,2.352123333333333
2,8,4,1.280084
3,8,8,0.6680356666666666
