,cpthread,thread,time
0,8,1,9.210098666666667
1,8,2,4.617865999999999
2,8,4,3.5944830000000003
3,8,8,3.5119616666666666
