,cpthread,thread,time
0,8,1,24.159407666666667
1,8,2,11.533937
2,8,4,7.690921666666667
3,8,8,7.622115999999999
