,cpthread,thread,time
0,8,1,4.432334333333333
1,8,2,2.1076789999999996
2,8,4,0.9705626666666666
3,8,8,0.5367643333333333
