,cpthread,thread,time
0,8,1,2.504299666666667
1,8,2,1.4079883333333332
2,8,4,0.7348506666666667
3,8,8,0.3885813333333334
