,cpthread,thread,time
0,8,1,6.602641666666667
1,8,2,5.649452666666668
2,8,4,3.3326306666666667
3,8,8,3.952081666666667
