,cpthread,thread,time
0,8,1,13.451149333333333
1,8,2,9.515771333333333
2,8,4,8.425926333333335
3,8,8,8.823076333333333
