,cpthread,thread,time
0,8,1,5.966935
1,8,2,3.360566
2,8,4,2.0843520000000004
3,8,8,1.259209
