,cpthread,thread,time
0,8,1,5.623468666666668
1,8,2,2.9052453333333332
2,8,4,1.528606
3,8,8,0.7501836666666666
