,cpthread,thread,time
0,8,1,6.354523
1,8,2,2.5433003333333333
2,8,4,1.4078476666666664
3,8,8,0.7709619999999999
