,cpthread,thread,time
0,8,1,8.417825333333333
1,8,2,4.764789333333333
2,8,4,3.9837019999999996
3,8,8,2.849688333333333
