,cpthread,thread,time
0,8,1,4.133421666666666
1,8,2,1.5635196666666669
2,8,4,0.832358
3,8,8,0.446229
