,cpthread,thread,time
0,8,1,2.827624
1,8,2,1.4689803333333333
2,8,4,0.7848479999999999
3,8,8,0.41285599999999995
