,cpthread,thread,time
0,8,1,6.268461333333332
1,8,2,2.5488506666666666
2,8,4,1.4976260000000001
3,8,8,1.1473296666666666
