,cpthread,thread,time
0,8,1,9.063613333333334
1,8,2,4.786452000000001
2,8,4,4.196224333333333
3,8,8,3.305823666666667
