,cpthread,thread,time
0,8,1,4.513997666666667
1,8,2,1.6799753333333332
2,8,4,0.9018883333333333
3,8,8,0.501751
