,cpthread,thread,time
0,8,1,3.0481796666666665
1,8,2,1.6519696666666668
2,8,4,0.868281
3,8,8,0.4597803333333333
