,cpthread,thread,time
0,8,1,7.2042356666666665
1,8,2,3.340438333333333
2,8,4,2.075022666666667
3,8,8,1.36289
