,cpthread,thread,time
0,8,1,9.232649333333333
1,8,2,5.251278666666667
2,8,4,4.400937666666667
3,8,8,3.3658973333333333
