,cpthread,thread,time
0,8,1,4.6132833333333325
1,8,2,1.7182469999999999
2,8,4,0.9044953333333333
3,8,8,0.49967999999999996
