,cpthread,thread,time
0,8,1,3.073385666666667
1,8,2,1.6342333333333334
2,8,4,0.8489386666666666
3,8,8,0.44482400000000005
