,cpthread,thread,time
0,8,1,5.690844333333334
1,8,2,2.9644409999999994
2,8,4,1.7229693333333334
3,8,8,1.2600069999999999
