,cpthread,thread,time
0,8,1,8.462886
1,8,2,5.629758
2,8,4,4.553052
3,8,8,3.6058653333333335
