,cpthread,thread,time
0,8,1,3.525521
1,8,2,1.5797696666666665
2,8,4,0.7348296666666667
3,8,8,0.38848
