,cpthread,thread,time
0,8,1,2.1041216666666664
1,8,2,1.1664063333333334
2,8,4,0.64663
3,8,8,0.34758500000000003
