,cpthread,thread,time
0,8,1,5.779606333333334
1,8,2,3.0205466666666667
2,8,4,1.8493636666666668
3,8,8,1.3188926666666667
