,cpthread,thread,time
0,8,1,5.889638000000001
1,8,2,3.229998333333333
2,8,4,1.8898726666666665
3,8,8,1.3296823333333334
