,cpthread,thread,time
0,8,1,8.915703333333333
1,8,2,5.752551666666666
2,8,4,4.663792
3,8,8,3.6147569999999996
