,cpthread,thread,time
0,8,1,8.899999333333334
1,8,2,5.881867
2,8,4,4.664339
3,8,8,3.6250463333333336
