,cpthread,thread,time
0,8,1,3.4310073333333335
1,8,2,1.6025926666666666
2,8,4,0.7701813333333334
3,8,8,0.41408
