,cpthread,thread,time
0,8,1,3.4011556666666665
1,8,2,1.5901653333333332
2,8,4,0.7744353333333333
3,8,8,0.402302
