,cpthread,thread,time
0,8,1,2.0724736666666668
1,8,2,1.1533746666666669
2,8,4,0.6638563333333334
3,8,8,0.367621
