,cpthread,thread,time
0,8,1,2.0686503333333337
1,8,2,1.1634276666666665
2,8,4,0.671463
3,8,8,0.37579266666666666
