,cpthread,thread,time
0,8,1,5.74887
1,8,2,3.125674666666667
2,8,4,1.726425
3,8,8,1.006145
