,cpthread,thread,time
0,8,1,7.978884333333333
1,8,2,5.221860333333333
2,8,4,4.202849333333333
3,8,8,3.070494
