,cpthread,thread,time
0,8,1,3.956953
1,8,2,2.1324943333333333
2,8,4,1.1585123333333334
3,8,8,0.6497476666666666
