,cpthread,thread,time
0,8,1,3.864617666666667
1,8,2,2.0792463333333338
2,8,4,1.1230223333333333
3,8,8,0.6074763333333334
