,cpthread,thread,time
0,8,1,6.682394333333334
1,8,2,3.277795
2,8,4,1.8779073333333336
3,8,8,1.37225
