,cpthread,thread,time
0,8,1,8.890451666666666
1,8,2,5.677081333333334
2,8,4,4.43386
3,8,8,3.4894846666666663
