,cpthread,thread,time
0,8,1,3.6085166666666666
1,8,2,1.5671873333333333
2,8,4,0.7415783333333333
3,8,8,0.3783936666666667
