,cpthread,thread,time
0,8,1,2.089353666666667
1,8,2,1.145873
2,8,4,0.6445203333333333
3,8,8,0.33614533333333335
