,cpthread,thread,time
0,8,1,6.152089666666666
1,8,2,3.279284666666667
2,8,4,1.8224046666666667
3,8,8,1.0671463333333333
