,cpthread,thread,time
0,8,1,7.933844333333333
1,8,2,4.772494666666667
2,8,4,3.570053
3,8,8,2.6728083333333337
