,cpthread,thread,time
0,8,1,3.1346803333333333
1,8,2,1.7154723333333333
2,8,4,0.9722976666666666
3,8,8,0.5660263333333333
