,cpthread,thread,time
0,8,1,2.985371333333333
1,8,2,1.6471726666666668
2,8,4,0.9320853333333333
3,8,8,0.526577
