,cpthread,thread,time
0,8,1,7.0714429999999995
1,8,2,3.753933
2,8,4,2.049663666666666
3,8,8,1.1613993333333335
