,cpthread,thread,time
0,8,1,9.433548
1,8,2,5.783592666666666
2,8,4,4.3526446666666665
3,8,8,3.171837
