,cpthread,thread,time
0,8,1,3.8072963333333334
1,8,2,2.046239333333333
2,8,4,1.1157456666666665
3,8,8,0.6317396666666667
