,cpthread,thread,time
0,8,1,3.600993666666666
1,8,2,1.957724
2,8,4,1.053124
3,8,8,0.5803123333333333
