,cpthread,thread,time
0,8,1,11.440350333333333
1,8,2,5.236312000000001
2,8,4,3.6522930000000002
3,8,8,3.783955666666667
