,cpthread,thread,time
0,8,1,29.734928
1,8,2,13.506203666666666
2,8,4,7.850679
3,8,8,8.331450666666667
