,cpthread,thread,time
0,8,1,5.644224
1,8,2,2.5739153333333333
2,8,4,1.1470390000000001
3,8,8,0.5924936666666666
