,cpthread,thread,time
0,8,1,3.3076943333333335
1,8,2,1.7348966666666665
2,8,4,0.8986886666666667
3,8,8,0.44747800000000004
