,cpthread,thread,time
0,1,1,4.135219
1,1,2,2.375277
2,1,4,1.582997
3,1,8,1.9183126666666668
