,cpthread,thread,time
0,1,1,5.253980333333334
1,1,2,3.8647446666666667
2,1,4,3.7101423333333337
3,1,8,3.917218666666667
