,cpthread,thread,time
0,1,1,2.3025683333333333
1,1,2,1.405299
2,1,4,0.8308629999999999
3,1,8,0.4887646666666667
