,cpthread,thread,time
0,1,1,2.1743373333333333
1,1,2,1.1992323333333335
2,1,4,0.6398969999999999
3,1,8,0.3309863333333333
