,cpthread,thread,time
0,8,1,8.978159
1,8,2,4.965175333333334
2,8,4,2.8718983333333337
3,8,8,1.9390156666666665
