,cpthread,thread,time
0,8,1,18.542376
1,8,2,10.396418666666667
2,8,4,8.923135333333333
3,8,8,6.7762020000000005
