,cpthread,thread,time
0,8,1,8.383246666666667
1,8,2,3.423397
2,8,4,1.7045426666666665
3,8,8,0.9250393333333333
