,cpthread,thread,time
0,8,1,5.603142666666667
1,8,2,2.936766
2,8,4,1.5541823333333333
3,8,8,0.7987380000000001
