,cpthread,thread,time
0,8,1,6.255745666666667
1,8,2,5.524287
2,8,4,5.963996666666667
3,8,8,6.280347333333334
