,cpthread,thread,time
0,8,1,13.033836333333333
1,8,2,11.561762
2,8,4,12.726714333333334
3,8,8,13.138340666666666
