,cpthread,thread,time
0,8,1,3.118942333333333
1,8,2,1.789493
2,8,4,1.028758
3,8,8,0.8930239999999999
