,cpthread,thread,time
0,8,1,2.623390333333333
1,8,2,1.4330976666666666
2,8,4,0.7417683333333334
3,8,8,0.37532499999999996
