,cpthread,thread,time
0,8,1,0.0004336666666666667
1,8,2,0.0004773333333333333
2,8,4,0.00047799999999999996
3,8,8,0.0006429999999999999
