,cpthread,thread,time
0,8,1,0.0005983333333333333
1,8,2,0.0008010000000000001
2,8,4,0.001196
3,8,8,0.0010226666666666667
