,cpthread,thread,time
0,8,1,0.00024733333333333335
1,8,2,0.000367
2,8,4,0.0004016666666666667
3,8,8,0.000568
