,cpthread,thread,time
0,8,1,0.000227
1,8,2,0.0002793333333333333
2,8,4,0.000394
3,8,8,0.0006696666666666666
