,cpthread,thread,time
0,8,1,4.5100446666666665
1,8,2,2.484456
2,8,4,1.4267023333333333
3,8,8,0.8634313333333333
