,cpthread,thread,time
0,8,1,6.241427666666667
1,8,2,4.113428666666667
2,8,4,3.3568216666666664
3,8,8,2.5493406666666663
