,cpthread,thread,time
0,8,1,3.058198666666667
1,8,2,1.6938013333333333
2,8,4,0.954183
3,8,8,0.5564016666666667
