,cpthread,thread,time
0,8,1,2.977785666666666
1,8,2,1.6490863333333332
2,8,4,0.9256176666666667
3,8,8,0.5255726666666667
