,cpthread,thread,time
0,1,1,5.4846363333333334
1,1,2,3.3825263333333333
2,1,4,2.2467330000000003
3,1,8,2.311846
