,cpthread,thread,time
0,1,1,7.074706
1,1,2,5.128858
2,1,4,4.405592333333334
3,1,8,4.612902666666667
