,cpthread,thread,time
0,1,1,3.2534949999999996
1,1,2,1.9029003333333332
2,1,4,1.0799776666666665
3,1,8,0.6299886666666666
