,cpthread,thread,time
0,1,1,3.0505786666666665
1,1,2,1.6116926666666664
2,1,4,0.8274333333333335
3,1,8,0.41706966666666667
