,cpthread,thread,time
0,1,1,5.119962666666667
1,1,2,3.089027666666667
2,1,4,2.256459
3,1,8,1.5988726666666666
