,cpthread,thread,time
0,1,1,7.2737989999999995
1,1,2,6.229087333333333
2,1,4,5.497770666666667
3,1,8,4.392623666666666
