,cpthread,thread,time
0,1,1,2.321822666666667
1,1,2,1.2969683333333333
2,1,4,0.7094116666666667
3,1,8,0.38227800000000006
