,cpthread,thread,time
0,1,1,2.151644333333333
1,1,2,1.1583286666666666
2,1,4,0.6486273333333333
3,1,8,0.3430763333333333
