,cpthread,thread,time
0,8,1,5.638331
1,8,2,2.450228
2,8,4,1.4621069999999998
3,8,8,0.9526246666666666
