,cpthread,thread,time
0,8,1,7.2022336666666655
1,8,2,4.201056666666666
2,8,4,3.683296
3,8,8,2.834489
