,cpthread,thread,time
0,8,1,3.268367
1,8,2,1.234631
2,8,4,0.6952283333333332
3,8,8,0.3917523333333333
