,cpthread,thread,time
0,8,1,2.196566666666667
1,8,2,1.2186593333333333
2,8,4,0.6597966666666667
3,8,8,0.3606776666666667
