,cpthread,thread,time
0,8,1,5.755595333333333
1,8,2,3.1554153333333335
2,8,4,1.8648243333333332
3,8,8,1.2971693333333334
