,cpthread,thread,time
0,8,1,8.799164333333334
1,8,2,5.826405333333334
2,8,4,4.656829999999999
3,8,8,3.5931056666666668
