,cpthread,thread,time
0,8,1,3.413667333333333
1,8,2,1.6036739999999998
2,8,4,0.7722856666666668
3,8,8,0.410742
