,cpthread,thread,time
0,8,1,2.0695776666666665
1,8,2,1.1264690000000002
2,8,4,0.6661346666666667
3,8,8,0.3616426666666667
