,cpthread,thread,time
0,8,1,7.783282
1,8,2,4.381318
2,8,4,3.531065
3,8,8,3.4153013333333333
