,cpthread,thread,time
0,8,1,15.976573333333334
1,8,2,8.371937666666668
2,8,4,7.66795
3,8,8,7.609742333333333
