,cpthread,thread,time
0,8,1,4.250525666666667
1,8,2,1.970949
2,8,4,0.9316939999999999
3,8,8,0.5382913333333333
