,cpthread,thread,time
0,8,1,2.6478870000000003
1,8,2,1.4471856666666667
2,8,4,0.753771
3,8,8,0.3926243333333333
