,cpthread,thread,time
0,8,1,6.638167666666667
1,8,2,3.4276126666666666
2,8,4,2.016771
3,8,8,1.461092
