,cpthread,thread,time
0,8,1,8.975622333333334
1,8,2,5.719650333333334
2,8,4,4.578121
3,8,8,3.523668666666667
