,cpthread,thread,time
0,8,1,3.435969666666667
1,8,2,1.56585
2,8,4,0.7526416666666668
3,8,8,0.396519
