,cpthread,thread,time
0,8,1,2.072937
1,8,2,1.1556810000000002
2,8,4,0.676935
3,8,8,0.36972933333333335
