,cpthread,thread,time
0,8,1,3.8598320000000004
1,8,2,2.203558
2,8,4,1.2991846666666667
3,8,8,0.797734
