,cpthread,thread,time
0,8,1,5.613080666666668
1,8,2,3.8791653333333334
2,8,4,3.3126949999999997
3,8,8,2.518389
