,cpthread,thread,time
0,8,1,3.037101
1,8,2,1.6879993333333332
2,8,4,0.957983
3,8,8,0.5553750000000001
