,cpthread,thread,time
0,8,1,2.9921953333333335
1,8,2,1.6530413333333334
2,8,4,0.9269853333333334
3,8,8,0.523991
