,cpthread,thread,time
0,8,1,4.702975666666667
1,8,2,2.538475666666667
2,8,4,1.3804096666666668
3,8,8,0.9995683333333334
