,cpthread,thread,time
0,8,1,7.095295333333333
1,8,2,4.5679810000000005
2,8,4,3.8706753333333332
3,8,8,3.020698
