,cpthread,thread,time
0,8,1,3.3176213333333333
1,8,2,1.6002120000000002
2,8,4,0.7487720000000001
3,8,8,0.42809500000000006
