,cpthread,thread,time
0,8,1,2.1826866666666667
1,8,2,1.2212189999999998
2,8,4,0.684845
3,8,8,0.3773803333333334
