,cpthread,thread,time
0,8,1,6.7348143333333335
1,8,2,2.7165060000000003
2,8,4,1.4982456666666668
3,8,8,0.8678066666666666
