,cpthread,thread,time
0,8,1,8.982458666666666
1,8,2,4.840929
2,8,4,4.055931999999999
3,8,8,2.9232599999999995
