,cpthread,thread,time
0,8,1,4.5506243333333325
1,8,2,1.729364333333333
2,8,4,0.8854046666666667
3,8,8,0.4729773333333333
