,cpthread,thread,time
0,8,1,3.0731789999999997
1,8,2,1.6421999999999999
2,8,4,0.8495180000000001
3,8,8,0.44203966666666666
