,cpthread,thread,time
0,8,1,9.268058333333334
1,8,2,5.694533333333333
2,8,4,6.066143333333334
3,8,8,6.369060333333333
