,cpthread,thread,time
0,8,1,26.682942666666666
1,8,2,12.950173333333332
2,8,4,12.181153333333333
3,8,8,13.299219666666666
