,cpthread,thread,time
0,8,1,4.363059
1,8,2,2.358729
2,8,4,1.2730199999999998
3,8,8,1.007666
