,cpthread,thread,time
0,8,1,3.3269283333333335
1,8,2,1.7111406666666664
2,8,4,0.8953996666666667
3,8,8,0.4448286666666667
