,cpthread,thread,time
0,8,1,5.4768556666666655
1,8,2,3.4331519999999998
2,8,4,2.2337593333333334
3,8,8,2.050597
