,cpthread,thread,time
0,8,1,7.069722333333334
1,8,2,5.115051666666666
2,8,4,4.372252333333333
3,8,8,4.332394666666667
