,cpthread,thread,time
0,8,1,3.243180666666667
1,8,2,1.8947116666666668
2,8,4,1.066204
3,8,8,0.6240666666666668
