,cpthread,thread,time
0,8,1,3.060601666666667
1,8,2,1.6118036666666669
2,8,4,0.8241116666666667
3,8,8,0.416978
