,cpthread,thread,time
0,8,1,4.8604243333333335
1,8,2,2.635851333333333
2,8,4,1.4078123333333334
3,8,8,0.7861263333333334
