,cpthread,thread,time
0,8,1,6.739662
1,8,2,4.624950666666667
2,8,4,3.965018333333333
3,8,8,2.8052120000000005
