,cpthread,thread,time
0,8,1,3.109830666666666
1,8,2,1.6570516666666666
2,8,4,0.8834200000000001
3,8,8,0.46785799999999994
