,cpthread,thread,time
0,8,1,2.9619446666666662
1,8,2,1.5811793333333333
2,8,4,0.8325459999999999
3,8,8,0.4331766666666667
