,cpthread,thread,time
0,8,1,6.1520806666666665
1,8,2,2.9462076666666666
2,8,4,1.659584
3,8,8,1.190821
