,cpthread,thread,time
0,8,1,8.374124333333333
1,8,2,5.342458333333333
2,8,4,4.274069666666667
3,8,8,3.3168566666666663
