,cpthread,thread,time
0,8,1,3.589822
1,8,2,1.5780450000000001
2,8,4,0.7344696666666667
3,8,8,0.37058433333333335
