,cpthread,thread,time
0,8,1,2.092825
1,8,2,1.1426213333333333
2,8,4,0.6452763333333333
3,8,8,0.3439933333333333
