,cpthread,thread,time
0,8,1,7.163726333333333
1,8,2,3.3474559999999998
2,8,4,2.0715703333333333
3,8,8,1.3159716666666668
