,cpthread,thread,time
0,8,1,9.213823666666668
1,8,2,5.252220666666667
2,8,4,4.408525
3,8,8,3.358488
