,cpthread,thread,time
0,8,1,4.574485
1,8,2,1.6912536666666667
2,8,4,0.914699
3,8,8,0.5026566666666668
