,cpthread,thread,time
0,8,1,3.0574776666666668
1,8,2,1.6453106666666664
2,8,4,0.853913
3,8,8,0.4465506666666667
