,cpthread,thread,time
0,8,1,6.442117666666667
1,8,2,3.362949
2,8,4,1.7556536666666667
3,8,8,0.937395
