,cpthread,thread,time
0,8,1,8.391618
1,8,2,5.193673666666666
2,8,4,4.118475
3,8,8,2.910503333333333
