,cpthread,thread,time
0,8,1,3.164374
1,8,2,1.6875973333333334
2,8,4,0.8853553333333334
3,8,8,0.47145733333333334
