,cpthread,thread,time
0,8,1,2.9631703333333337
1,8,2,1.592087
2,8,4,0.832001
3,8,8,0.43428433333333333
