,cpthread,thread,time
0,8,1,4.893502666666667
1,8,2,3.0266129999999998
2,8,4,1.8018853333333336
3,8,8,1.1241940000000001
