,cpthread,thread,time
0,8,1,6.780844999999999
1,8,2,4.8494693333333325
2,8,4,4.060256333333334
3,8,8,3.111036
