,cpthread,thread,time
0,8,1,3.109491666666667
1,8,2,1.6791539999999998
2,8,4,0.8898303333333333
3,8,8,0.4798626666666667
