,cpthread,thread,time
0,8,1,2.9629106666666662
1,8,2,1.5799063333333334
2,8,4,0.8320606666666667
3,8,8,0.43300399999999994
