,cpthread,thread,time
0,8,1,6.511450666666668
1,8,2,2.597796666666667
2,8,4,1.5238829999999999
3,8,8,1.179538
