,cpthread,thread,time
0,8,1,9.072941333333333
1,8,2,4.7648736666666665
2,8,4,4.215372333333334
3,8,8,3.2686483333333336
