,cpthread,thread,time
0,8,1,3.348627333333333
1,8,2,1.7885833333333334
2,8,4,0.9213016666666666
3,8,8,0.48883933333333335
