,cpthread,thread,time
0,8,1,5.4785216666666665
1,8,2,2.952501
2,8,4,1.6492903333333333
3,8,8,0.9748863333333334
