,cpthread,thread,time
0,8,1,7.774073666666666
1,8,2,5.137297333333334
2,8,4,4.145854333333333
3,8,8,3.049159
