,cpthread,thread,time
0,8,1,3.7210413333333334
1,8,2,2.020668
2,8,4,1.104464
3,8,8,0.6197636666666667
