,cpthread,thread,time
0,8,1,3.613982666666667
1,8,2,1.9522056666666667
2,8,4,1.0620399999999999
3,8,8,0.5833173333333334
