,cpthread,thread,time
0,8,1,6.505913333333333
1,8,2,3.5308086666666667
2,8,4,2.0475113333333335
3,8,8,1.3204346666666666
