,cpthread,thread,time
0,8,1,8.413758666666666
1,8,2,5.275399
2,8,4,4.228703333333333
3,8,8,3.1898703333333334
