,cpthread,thread,time
0,8,1,3.147686
1,8,2,1.6906513333333333
2,8,4,0.899127
3,8,8,0.48339266666666664
