,cpthread,thread,time
0,8,1,2.9516543333333334
1,8,2,1.587015
2,8,4,0.8236923333333334
3,8,8,0.43154866666666664
