,cpthread,thread,time
0,8,1,6.479152333333334
1,8,2,3.911573
2,8,4,2.66476
3,8,8,2.4795570000000002
