,cpthread,thread,time
0,8,1,7.383876666666666
1,8,2,13.668686333333333
2,8,4,12.148200000000001
3,8,8,7.476378333333333
