,cpthread,thread,time
0,8,1,3.5672556666666666
1,8,2,2.0738183333333335
2,8,4,1.2082540000000002
3,8,8,0.7354706666666667
