,cpthread,thread,time
0,8,1,3.355625
1,8,2,1.727563
2,8,4,0.8866863333333334
3,8,8,0.450193
