,cpthread,thread,time
0,8,1,6.032567
1,8,2,2.8674763333333337
2,8,4,1.8051063333333335
3,8,8,1.388272
