,cpthread,thread,time
0,8,1,6.756248
1,8,2,3.8418376666666667
2,8,4,3.1942073333333334
3,8,8,2.5251146666666666
