,cpthread,thread,time
0,8,1,3.778128333333333
1,8,2,1.464683
2,8,4,0.7729353333333334
3,8,8,0.42073133333333335
