,cpthread,thread,time
0,8,1,2.6207523333333334
1,8,2,1.435151
2,8,4,0.7429903333333333
3,8,8,0.38436999999999993
