,cpthread,thread,time
0,8,1,6.7673483333333335
1,8,2,2.8058003333333335
2,8,4,1.5761086666666666
3,8,8,0.9585546666666667
