,cpthread,thread,time
0,8,1,8.806309
1,8,2,4.914335
2,8,4,4.228652
3,8,8,3.0266936666666666
