,cpthread,thread,time
0,8,1,4.158544999999999
1,8,2,1.567507
2,8,4,0.8312953333333334
3,8,8,0.4515196666666667
