,cpthread,thread,time
0,8,1,2.7960783333333334
1,8,2,1.494135
2,8,4,0.7961703333333333
3,8,8,0.40930399999999995
