,cpthread,thread,time
0,1,1,4.580422666666666
1,1,2,2.985538
2,1,4,1.931249
3,1,8,2.1264516666666666
