,cpthread,thread,time
0,1,1,5.041611333333333
1,1,2,3.7823456666666666
2,1,4,4.268630333333333
3,1,8,4.4397530000000005
