,cpthread,thread,time
0,1,1,2.692653333333334
1,1,2,1.636427
2,1,4,0.9395846666666667
3,1,8,0.5522330000000001
