,cpthread,thread,time
0,1,1,2.5728183333333337
1,1,2,1.395149
2,1,4,0.7232153333333334
3,1,8,0.36328333333333335
