,cpthread,thread,time
0,8,1,4.742775666666666
1,8,2,2.565532333333333
2,8,4,1.392548
3,8,8,0.9986836666666666
