,cpthread,thread,time
0,8,1,7.166053666666667
1,8,2,4.597546666666666
2,8,4,3.867945
3,8,8,3.017527
