,cpthread,thread,time
0,8,1,3.3248110000000004
1,8,2,1.5974163333333333
2,8,4,0.7485426666666667
3,8,8,0.4273286666666667
