,cpthread,thread,time
0,8,1,2.2022573333333333
1,8,2,1.2178923333333331
2,8,4,0.6867043333333332
3,8,8,0.3756896666666667
