,cpthread,thread,time
0,8,1,12.705284
1,8,2,7.391784666666666
2,8,4,5.098539333333334
3,8,8,3.746732
