,cpthread,thread,time
0,8,1,30.05583366666667
1,8,2,16.065758000000002
2,8,4,10.825912333333333
3,8,8,8.134300000000001
