,cpthread,thread,time
0,8,1,4.974875333333333
1,8,2,2.4619013333333335
2,8,4,1.310905
3,8,8,0.5477943333333334
