,cpthread,thread,time
0,8,1,2.3905546666666666
1,8,2,1.339461
2,8,4,0.7655623333333333
3,8,8,0.4198410000000001
