,cpthread,thread,time
0,8,1,11.854851333333334
1,8,2,5.284826333333333
2,8,4,3.546427
3,8,8,3.3591960000000003
