,cpthread,thread,time
0,8,1,30.865466333333334
1,8,2,13.657647333333335
2,8,4,7.737231333333334
3,8,8,7.709689666666667
