,cpthread,thread,time
0,8,1,5.7214686666666665
1,8,2,2.626373
2,8,4,1.2014846666666665
3,8,8,0.651659
