,cpthread,thread,time
0,8,1,3.3233106666666665
1,8,2,1.7277120000000001
2,8,4,0.8960256666666666
3,8,8,0.45154133333333335
