,cpthread,thread,time
0,8,1,6.257063
1,8,2,2.546449
2,8,4,1.4842103333333334
3,8,8,1.152798
