,cpthread,thread,time
0,8,1,9.096824333333334
1,8,2,4.788409
2,8,4,4.226251666666666
3,8,8,3.299757666666667
