,cpthread,thread,time
0,8,1,4.577735333333333
1,8,2,1.7056603333333333
2,8,4,0.921031
3,8,8,0.5117693333333334
