,cpthread,thread,time
0,8,1,3.1194756666666668
1,8,2,1.6655763333333333
2,8,4,0.878518
3,8,8,0.4661956666666667
