,cpthread,thread,time
0,8,1,5.438039333333333
1,8,2,3.4069326666666666
2,8,4,2.229680666666667
3,8,8,2.3064326666666664
