,cpthread,thread,time
0,8,1,7.056631666666667
1,8,2,5.078375666666666
2,8,4,4.389148
3,8,8,4.532604333333334
