,cpthread,thread,time
0,8,1,3.2696380000000005
1,8,2,1.905659
2,8,4,1.078231
3,8,8,0.6300746666666667
