,cpthread,thread,time
0,8,1,3.0550953333333335
1,8,2,1.5985926666666668
2,8,4,0.8244953333333335
3,8,8,0.4152263333333333
