,cpthread,thread,time
0,8,1,6.335517333333333
1,8,2,3.3726226666666665
2,8,4,1.950697
3,8,8,1.3797196666666667
