,cpthread,thread,time
0,8,1,6.264219999999999
1,8,2,3.3439296666666665
2,8,4,1.9302243333333333
3,8,8,1.3565403333333332
