,cpthread,thread,time
0,8,1,9.25871
1,8,2,6.178634
2,8,4,4.7252
3,8,8,3.678266666666667
