,cpthread,thread,time
0,8,1,9.246236000000001
1,8,2,6.0650943333333345
2,8,4,4.773504333333334
3,8,8,3.712751666666667
