,cpthread,thread,time
0,8,1,3.444492
1,8,2,1.6087980000000002
2,8,4,0.7811793333333333
3,8,8,0.4076846666666667
