,cpthread,thread,time
0,8,1,3.431768333333333
1,8,2,1.6252846666666665
2,8,4,0.776929
3,8,8,0.41075100000000003
