,cpthread,thread,time
0,8,1,2.0604123333333333
1,8,2,1.1452383333333331
2,8,4,0.6491736666666666
3,8,8,0.35964233333333334
