,cpthread,thread,time
0,8,1,2.071736
1,8,2,1.1624679999999998
2,8,4,0.6714863333333333
3,8,8,0.36606366666666673
