,cpthread,thread,time
0,8,1,0.000572
1,8,2,0.0007513333333333333
2,8,4,0.0005663333333333333
3,8,8,0.0008393333333333333
