,cpthread,thread,time
0,8,1,0.0006676666666666667
1,8,2,0.0011183333333333334
2,8,4,0.0013976666666666666
3,8,8,0.0019913333333333332
