,cpthread,thread,time
0,8,1,0.000323
1,8,2,0.000464
2,8,4,0.0005323333333333333
3,8,8,0.0007796666666666667
