,cpthread,thread,time
0,8,1,0.00027066666666666667
1,8,2,0.0004223333333333333
2,8,4,0.00044966666666666663
3,8,8,0.000699
