,cpthread,thread,time
0,8,1,5.075159333333333
1,8,2,3.2843153333333333
2,8,4,1.8288846666666665
3,8,8,1.091594
