,cpthread,thread,time
0,8,1,6.2676419999999995
1,8,2,5.110557333333333
2,8,4,3.6270626666666668
3,8,8,2.7419116666666667
