,cpthread,thread,time
0,8,1,3.0910686666666667
1,8,2,1.7449396666666666
2,8,4,0.9834153333333333
3,8,8,0.569286
