,cpthread,thread,time
0,8,1,2.995542333333333
1,8,2,1.6488310000000002
2,8,4,0.9411990000000001
3,8,8,0.529147
