,cpthread,thread,time
0,8,1,6.407969666666666
1,8,2,3.825022666666667
2,8,4,2.6696070000000005
3,8,8,2.5367623333333333
