,cpthread,thread,time
0,8,1,7.992938333333332
1,8,2,15.598428666666669
2,8,4,12.596223333333333
3,8,8,7.845907999999999
