,cpthread,thread,time
0,8,1,3.581302666666667
1,8,2,2.0970523333333335
2,8,4,1.2535986666666667
3,8,8,0.7797679999999999
