,cpthread,thread,time
0,8,1,3.3275053333333333
1,8,2,1.7214713333333336
2,8,4,0.8768816666666667
3,8,8,0.4429156666666667
