,cpthread,thread,time
0,8,1,5.6226416666666665
1,8,2,2.4485493333333337
2,8,4,1.4728640000000002
3,8,8,0.960319
