,cpthread,thread,time
0,8,1,7.225201333333334
1,8,2,4.226326333333333
2,8,4,3.68148
3,8,8,2.827211
