,cpthread,thread,time
0,8,1,3.3262176666666665
1,8,2,1.2758176666666665
2,8,4,0.7095836666666667
3,8,8,0.39080933333333334
