,cpthread,thread,time
0,8,1,2.1948469999999998
1,8,2,1.2179653333333331
2,8,4,0.667745
3,8,8,0.3631876666666667
