,cpthread,thread,time
0,8,1,0.00044699999999999997
1,8,2,0.0006896666666666667
2,8,4,0.0006976666666666667
3,8,8,0.000918
