,cpthread,thread,time
0,8,1,0.0005783333333333334
1,8,2,0.0011003333333333332
2,8,4,0.0013046666666666666
3,8,8,0.0012953333333333332
