,cpthread,thread,time
0,8,1,0.00041233333333333335
1,8,2,0.0005273333333333332
2,8,4,0.0006190000000000001
3,8,8,0.000885
