,cpthread,thread,time
0,8,1,0.000372
1,8,2,0.0004623333333333333
2,8,4,0.000552
3,8,8,0.000783
