,cpthread,thread,time
0,8,1,7.302389333333333
1,8,2,3.8687536666666666
2,8,4,2.0757363333333334
3,8,8,1.1883836666666665
