,cpthread,thread,time
0,8,1,9.553983
1,8,2,5.826422666666666
2,8,4,4.381173666666666
3,8,8,3.1981319999999998
