,cpthread,thread,time
0,8,1,4.020468
1,8,2,2.1743889999999997
2,8,4,1.1612743333333333
3,8,8,0.6568689999999999
