,cpthread,thread,time
0,8,1,3.8605936666666665
1,8,2,2.0879176666666663
2,8,4,1.1113396666666666
3,8,8,0.6177973333333333
