,cpthread,thread,time
0,8,1,4.456132666666666
1,8,2,2.478985666666667
2,8,4,1.4513066666666667
3,8,8,0.8818686666666666
