,cpthread,thread,time
0,8,1,6.097258
1,8,2,4.377255
2,8,4,3.3405736666666663
3,8,8,2.5656346666666665
