,cpthread,thread,time
0,8,1,3.0684263333333335
1,8,2,1.6674793333333333
2,8,4,0.9686443333333333
3,8,8,0.5560173333333334
