,cpthread,thread,time
0,8,1,2.979034666666667
1,8,2,1.6323673333333335
2,8,4,0.9313556666666667
3,8,8,0.5203063333333334
