,cpthread,thread,time
0,8,1,5.456837666666666
1,8,2,3.409668
2,8,4,2.18352
3,8,8,2.173784
