,cpthread,thread,time
0,8,1,6.586008666666667
1,8,2,4.629683333333333
2,8,4,4.052596
3,8,8,4.326503333333334
