,cpthread,thread,time
0,8,1,3.216548
1,8,2,1.881568
2,8,4,1.0574646666666665
3,8,8,0.5944216666666667
