,cpthread,thread,time
0,8,1,3.039174333333333
1,8,2,1.604586
2,8,4,0.8218446666666667
3,8,8,0.41752666666666666
