,cpthread,thread,time
0,8,1,7.200053666666666
1,8,2,4.794990333333334
2,8,4,5.326306
3,8,8,5.657630666666667
