,cpthread,thread,time
0,8,1,19.909832999999995
1,8,2,10.221047666666665
2,8,4,10.578450333333334
3,8,8,11.739301333333332
