,cpthread,thread,time
0,8,1,3.2540153333333337
1,8,2,1.8505386666666668
2,8,4,1.0323976666666665
3,8,8,0.8301063333333333
