,cpthread,thread,time
0,8,1,2.505938
1,8,2,1.3553879999999998
2,8,4,0.7279603333333333
3,8,8,0.3820493333333333
