,cpthread,thread,time
0,8,1,6.474632333333333
1,8,2,3.531731
2,8,4,2.0168356666666667
3,8,8,1.3528656666666665
