,cpthread,thread,time
0,8,1,8.393026333333333
1,8,2,5.251665
2,8,4,4.211926333333333
3,8,8,3.182141
