,cpthread,thread,time
0,8,1,3.164979666666667
1,8,2,1.6892543333333334
2,8,4,0.9002469999999999
3,8,8,0.4934243333333333
