,cpthread,thread,time
0,8,1,2.961707666666667
1,8,2,1.5783343333333335
2,8,4,0.8255323333333333
3,8,8,0.4328273333333333
