,cpthread,thread,time
0,8,1,5.107491333333333
1,8,2,2.820986
2,8,4,1.5800806666666667
3,8,8,0.9332263333333333
