,cpthread,thread,time
0,8,1,7.34584
1,8,2,4.987729666666667
2,8,4,4.139609666666668
3,8,8,3.022142666666667
