,cpthread,thread,time
0,8,1,3.930312666666667
1,8,2,2.113675333333333
2,8,4,1.149262
3,8,8,0.647553
