,cpthread,thread,time
0,8,1,3.854229333333333
1,8,2,2.0963326666666666
2,8,4,1.122161
3,8,8,0.6135173333333334
