,cpthread,thread,time
0,8,1,7.690114333333334
1,8,2,4.413391666666667
2,8,4,3.6473443333333333
3,8,8,3.560748333333333
