,cpthread,thread,time
0,8,1,15.399144
1,8,2,8.509619
2,8,4,7.361556333333334
3,8,8,8.21812
