,cpthread,thread,time
0,8,1,4.220687333333333
1,8,2,1.9231363333333331
2,8,4,0.8963846666666666
3,8,8,0.47031566666666663
