,cpthread,thread,time
0,8,1,2.6460529999999998
1,8,2,1.4313230000000001
2,8,4,0.7486943333333332
3,8,8,0.384433
