,cpthread,thread,time
0,8,1,4.208312333333334
1,8,2,2.3040483333333337
2,8,4,1.2446793333333332
3,8,8,0.6965546666666667
