,cpthread,thread,time
0,8,1,6.298291666666667
1,8,2,4.446397999999999
2,8,4,3.9272536666666666
3,8,8,2.7562823333333335
