,cpthread,thread,time
0,8,1,3.087172666666667
1,8,2,1.6491636666666665
2,8,4,0.874046
3,8,8,0.46885099999999996
