,cpthread,thread,time
0,8,1,2.970883666666667
1,8,2,1.5974176666666666
2,8,4,0.8323423333333334
3,8,8,0.4348626666666667
