,cpthread,thread,time
0,8,1,5.238687666666666
1,8,2,2.5720096666666667
2,8,4,1.295959
3,8,8,0.7246643333333335
