,cpthread,thread,time
0,8,1,7.001187333333334
1,8,2,4.241260666666666
2,8,4,3.4317026666666663
3,8,8,2.5831846666666665
