,cpthread,thread,time
0,8,1,3.311325666666667
1,8,2,1.5640479999999999
2,8,4,0.7135603333333335
3,8,8,0.39298666666666665
