,cpthread,thread,time
0,8,1,2.204948
1,8,2,1.2154999999999998
2,8,4,0.6674296666666667
3,8,8,0.3630966666666667
