,cpthread,thread,time
0,8,1,9.154666333333333
1,8,2,5.569514666666667
2,8,4,2.8662613333333335
3,8,8,1.6424409999999998
