,cpthread,thread,time
0,8,1,17.348213666666666
1,8,2,9.917764
2,8,4,8.361982666666666
3,8,8,6.0412930000000005
