,cpthread,thread,time
0,8,1,8.329669333333333
1,8,2,3.066758
2,8,4,1.6351396666666667
3,8,8,0.867276
