,cpthread,thread,time
0,8,1,5.591508666666666
1,8,2,2.910265666666666
2,8,4,1.524998
3,8,8,0.7722173333333333
