,cpthread,thread,time
0,8,1,6.338198333333334
1,8,2,2.853073666666667
2,8,4,1.8798213333333333
3,8,8,1.317793
