,cpthread,thread,time
0,8,1,9.128650333333333
1,8,2,4.955505333333334
2,8,4,4.324186666666666
3,8,8,3.6032976666666663
