,cpthread,thread,time
0,8,1,4.584007666666667
1,8,2,1.8328986666666667
2,8,4,0.9279803333333333
3,8,8,0.530087
