,cpthread,thread,time
0,8,1,3.0876316666666668
1,8,2,1.656614
2,8,4,0.8683633333333334
3,8,8,0.4632286666666667
