,cpthread,thread,time
0,8,1,9.699454666666666
1,8,2,4.523668666666667
2,8,4,2.953203333333333
3,8,8,2.811124
