,cpthread,thread,time
0,8,1,24.427516666666666
1,8,2,11.259221666666667
2,8,4,6.304626333333334
3,8,8,6.478787666666666
