,cpthread,thread,time
0,8,1,4.461760666666667
1,8,2,2.1246243333333337
2,8,4,1.0183786666666668
3,8,8,0.5808816666666666
