,cpthread,thread,time
0,8,1,2.504717
1,8,2,1.3739033333333335
2,8,4,0.7389549999999999
3,8,8,0.38836633333333337
